/*
 Navicat Premium Data Transfer

 Source Server         : localhost_3306@MySQL8.0.22
 Source Server Type    : MySQL
 Source Server Version : 80021
 Source Host           : localhost:3306
 Source Schema         : hr_management_system_project0729

 Target Server Type    : MySQL
 Target Server Version : 80021
 File Encoding         : 65001

 Date: 21/12/2020 18:07:55
*/

SET NAMES utf8mb4;
SET FOREIGN_KEY_CHECKS = 0;

-- ----------------------------
-- Table structure for t_dept
-- ----------------------------
DROP TABLE IF EXISTS `t_dept`;
CREATE TABLE `t_dept`  (
  `did` int NOT NULL AUTO_INCREMENT,
  `dName` varchar(10) CHARACTER SET utf8 COLLATE utf8_general_ci NULL DEFAULT NULL,
  `dDes` varchar(50) CHARACTER SET utf8 COLLATE utf8_general_ci NULL DEFAULT NULL,
  `delState` int NULL DEFAULT NULL,
  PRIMARY KEY (`did`) USING BTREE
) ENGINE = InnoDB AUTO_INCREMENT = 13 CHARACTER SET = utf8 COLLATE = utf8_general_ci ROW_FORMAT = Dynamic;

-- ----------------------------
-- Records of t_dept
-- ----------------------------
INSERT INTO `t_dept` VALUES (5, '测', '都是', 0);
INSERT INTO `t_dept` VALUES (8, '广告部', 'qw', 0);
INSERT INTO `t_dept` VALUES (9, '财务部', '嘿嘿嘿嘿', 0);
INSERT INTO `t_dept` VALUES (10, '小林子的后宫11', '诗敏11', 0);
INSERT INTO `t_dept` VALUES (11, 'dsa', 'dsa', 0);
INSERT INTO `t_dept` VALUES (12, '后勤部', '后勤部', 0);

-- ----------------------------
-- Table structure for t_download
-- ----------------------------
DROP TABLE IF EXISTS `t_download`;
CREATE TABLE `t_download`  (
  `downloadId` int NOT NULL AUTO_INCREMENT,
  `downloadTittle` varchar(50) CHARACTER SET utf8 COLLATE utf8_general_ci NULL DEFAULT NULL,
  `downloadCreateTime` date NULL DEFAULT NULL,
  `userId` int NULL DEFAULT NULL,
  `downloadDes` varchar(50) CHARACTER SET utf8 COLLATE utf8_general_ci NULL DEFAULT NULL,
  `downPath` varchar(100) CHARACTER SET utf8 COLLATE utf8_general_ci NULL DEFAULT NULL,
  `delState` int NULL DEFAULT NULL,
  PRIMARY KEY (`downloadId`) USING BTREE,
  INDEX `download_user_fk`(`userId`) USING BTREE,
  CONSTRAINT `download_user_fk` FOREIGN KEY (`userId`) REFERENCES `t_user` (`userId`) ON DELETE RESTRICT ON UPDATE RESTRICT
) ENGINE = InnoDB AUTO_INCREMENT = 27 CHARACTER SET = utf8 COLLATE = utf8_general_ci ROW_FORMAT = Dynamic;

-- ----------------------------
-- Records of t_download
-- ----------------------------
INSERT INTO `t_download` VALUES (16, '大发发发', '2018-07-17', 2, '无', 'C:\\tools\\apache-tomcat-8.0.53\\webapps\\HrWeb\\upload\\20180930\\01.wmv', 0);
INSERT INTO `t_download` VALUES (17, '213', '2018-08-30', 1, '12332', 'C:\\Program Files\\apache-tomcat-9.0.0.M13\\webapps\\xiangmu_Manpower\\upload\\desktop.ini', 0);
INSERT INTO `t_download` VALUES (18, '王企鹅王', '2018-08-30', 1, '钱而去', 'C:\\Program Files\\apache-tomcat-9.0.0.M13\\webapps\\xiangmu_Manpower\\upload\\Day19_04_异常.avi', 0);
INSERT INTO `t_download` VALUES (19, '撒反对', '2018-08-30', 1, '都仨人', 'C:\\Program Files\\apache-tomcat-9.0.0.M13\\webapps\\xiangmu_Manpower\\upload\\Day19_05_异常.avi', 0);
INSERT INTO `t_download` VALUES (22, '图片', '2020-07-30', 1, '图片', 'e7e74f51-ee6d-46fe-8316-b96ef76672ed.jfif', 0);
INSERT INTO `t_download` VALUES (23, '学习资料', '2020-07-30', 1, '学习资料', 'e6e43a34-676d-4269-a447-23c59687897b.doc', 0);
INSERT INTO `t_download` VALUES (27, 'Spring原理图222', '2020-07-30', 1, 'Spring原理图', '13934b94-1915-46cc-a44c-060c58d1a786.jpg', 0);

-- ----------------------------
-- Table structure for t_emp
-- ----------------------------
DROP TABLE IF EXISTS `t_emp`;
CREATE TABLE `t_emp`  (
  `empId` int NOT NULL AUTO_INCREMENT,
  `empName` varchar(10) CHARACTER SET utf8 COLLATE utf8_general_ci NULL DEFAULT NULL,
  `gender` varchar(4) CHARACTER SET utf8 COLLATE utf8_general_ci NULL DEFAULT NULL,
  `telNum` varchar(11) CHARACTER SET utf8 COLLATE utf8_general_ci NULL DEFAULT NULL,
  `email` varchar(20) CHARACTER SET utf8 COLLATE utf8_general_ci NULL DEFAULT NULL,
  `staffId` int NULL DEFAULT NULL,
  `empEdu` varchar(10) CHARACTER SET utf8 COLLATE utf8_general_ci NULL DEFAULT NULL,
  `cardNum` varchar(18) CHARACTER SET utf8 COLLATE utf8_general_ci NULL DEFAULT NULL,
  `dId` int NULL DEFAULT NULL,
  `empAddress` varchar(50) CHARACTER SET utf8 COLLATE utf8_general_ci NULL DEFAULT NULL,
  `empCreateTime` date NULL DEFAULT NULL,
  `remark` varchar(20) CHARACTER SET utf8 COLLATE utf8_general_ci NULL DEFAULT NULL,
  `hobby` varchar(20) CHARACTER SET utf8 COLLATE utf8_general_ci NULL DEFAULT NULL,
  `political` varchar(10) CHARACTER SET utf8 COLLATE utf8_general_ci NULL DEFAULT NULL,
  `qq` varchar(15) CHARACTER SET utf8 COLLATE utf8_general_ci NULL DEFAULT NULL,
  `ems` varchar(6) CHARACTER SET utf8 COLLATE utf8_general_ci NULL DEFAULT NULL,
  `birth` date NULL DEFAULT NULL,
  `major` varchar(10) CHARACTER SET utf8 COLLATE utf8_general_ci NULL DEFAULT NULL,
  `volk` varchar(10) CHARACTER SET utf8 COLLATE utf8_general_ci NULL DEFAULT NULL,
  `phone` varchar(20) CHARACTER SET utf8 COLLATE utf8_general_ci NULL DEFAULT NULL,
  `delState` int NULL DEFAULT NULL,
  PRIMARY KEY (`empId`) USING BTREE,
  INDEX `emp_staff_fk`(`staffId`) USING BTREE,
  INDEX `emp_dept_fk`(`dId`) USING BTREE,
  CONSTRAINT `emp_dept_fk` FOREIGN KEY (`dId`) REFERENCES `t_dept` (`did`) ON DELETE RESTRICT ON UPDATE RESTRICT,
  CONSTRAINT `emp_staff_fk` FOREIGN KEY (`staffId`) REFERENCES `t_staff` (`staffId`) ON DELETE RESTRICT ON UPDATE RESTRICT
) ENGINE = InnoDB AUTO_INCREMENT = 114 CHARACTER SET = utf8 COLLATE = utf8_general_ci ROW_FORMAT = Dynamic;

-- ----------------------------
-- Records of t_emp
-- ----------------------------
INSERT INTO `t_emp` VALUES (1, '朱涛', '女', '13551266305', '123465@163.com', 9, '本科', '510902199805129317', 10, '成都', '2018-07-07', 'JAVA1802', '麻将', '无党派', '376119751', '610000', '1998-05-12', '石工', '汉', '02888888888', 0);
INSERT INTO `t_emp` VALUES (9, '大思敏', '女', '13456789987', '51767591@qq.com', 9, '本科', '510902199704047654', 10, '四川成都', '1970-01-01', '嗯嗯嗯嗯嗯', '吃', '团员', '1751956', '610000', '2018-07-12', '市场管理', '汉', '02865432123', 0);
INSERT INTO `t_emp` VALUES (10, '吕杰', '男', '13668765456', '5156789@qq.com', 8, '本科', '510902199409098765', 5, '四川成都', '1970-01-01', '嗯嗯嗯嗯嗯', '游戏', '党员', '57295799', '610000', '1995-07-05', '机械自动化', '汉', '02866666666', 0);
INSERT INTO `t_emp` VALUES (11, '就是', '女', '18328408459', '377344919@qq.com', 7, 'sjhdj', '123456789741235698', 8, '四川成都', '1970-01-01', '啥的技术 ', '加快', 'skdlskd', '56897412', '455445', '2018-07-11', '通信', '藏族', '02888888888', 0);
INSERT INTO `t_emp` VALUES (22, '张昊', '女', '18117819919', '785896760@qq.com', 13, '大学', '320322', 12, '沛县', '2020-07-30', '无', '吃饭', '团员', '785896760', '121212', '2020-07-23', '计算机', '汉', '05168989', 0);
INSERT INTO `t_emp` VALUES (23, '朱涛', '女', '13551266305', '123465@163.com', 9, '本科', '510902199805129317', 10, '成都', '2018-07-07', 'JAVA1802', '麻将', '无党派', '376119751', '610000', '1998-05-12', '石工', '汉', '02888888888', 0);
INSERT INTO `t_emp` VALUES (24, '大思敏', '女', '13456789987', '51767591@qq.com', 9, '本科', '510902199704047654', 10, '四川成都', '1970-01-01', '嗯嗯嗯嗯嗯', '吃', '团员', '1751956', '610000', '2018-07-12', '市场管理', '汉', '02865432123', 0);
INSERT INTO `t_emp` VALUES (25, '吕杰', '男', '13668765456', '5156789@qq.com', 8, '本科', '510902199409098765', 5, '四川成都', '1970-01-01', '嗯嗯嗯嗯嗯', '游戏', '党员', '57295799', '610000', '1995-07-05', '机械自动化', '汉', '02866666666', 0);
INSERT INTO `t_emp` VALUES (26, '就是', '女', '18328408459', '377344919@qq.com', 7, 'sjhdj', '123456789741235698', 8, '四川成都', '1970-01-01', '啥的技术 ', '加快', 'skdlskd', '56897412', '455445', '2018-07-11', '通信', '藏族', '02888888888', 0);
INSERT INTO `t_emp` VALUES (27, '朱涛', '女', '13551266305', '123465@163.com', 9, '本科', '510902199805129317', 10, '成都', '2018-07-07', 'JAVA1802', '麻将', '无党派', '376119751', '610000', '1998-05-12', '石工', '汉', '02888888888', 0);
INSERT INTO `t_emp` VALUES (28, '大思敏', '女', '13456789987', '51767591@qq.com', 9, '本科', '510902199704047654', 10, '四川成都', '1970-01-01', '嗯嗯嗯嗯嗯', '吃', '团员', '1751956', '610000', '2018-07-12', '市场管理', '汉', '02865432123', 0);
INSERT INTO `t_emp` VALUES (29, '吕杰', '男', '13668765456', '5156789@qq.com', 8, '本科', '510902199409098765', 5, '四川成都', '1970-01-01', '嗯嗯嗯嗯嗯', '游戏', '党员', '57295799', '610000', '1995-07-05', '机械自动化', '汉', '02866666666', 0);
INSERT INTO `t_emp` VALUES (30, '就是', '女', '18328408459', '377344919@qq.com', 7, 'sjhdj', '123456789741235698', 8, '四川成都', '1970-01-01', '啥的技术 ', '加快', 'skdlskd', '56897412', '455445', '2018-07-11', '通信', '藏族', '02888888888', 0);
INSERT INTO `t_emp` VALUES (31, '朱涛', '女', '13551266305', '123465@163.com', 9, '本科', '510902199805129317', 10, '成都', '2018-07-07', 'JAVA1802', '麻将', '无党派', '376119751', '610000', '1998-05-12', '石工', '汉', '02888888888', 0);
INSERT INTO `t_emp` VALUES (32, '大思敏', '女', '13456789987', '51767591@qq.com', 9, '本科', '510902199704047654', 10, '四川成都', '1970-01-01', '嗯嗯嗯嗯嗯', '吃', '团员', '1751956', '610000', '2018-07-12', '市场管理', '汉', '02865432123', 0);
INSERT INTO `t_emp` VALUES (33, '吕杰', '男', '13668765456', '5156789@qq.com', 8, '本科', '510902199409098765', 5, '四川成都', '1970-01-01', '嗯嗯嗯嗯嗯', '游戏', '党员', '57295799', '610000', '1995-07-05', '机械自动化', '汉', '02866666666', 0);
INSERT INTO `t_emp` VALUES (34, '就是', '女', '18328408459', '377344919@qq.com', 7, 'sjhdj', '123456789741235698', 8, '四川成都', '1970-01-01', '啥的技术 ', '加快', 'skdlskd', '56897412', '455445', '2018-07-11', '通信', '藏族', '02888888888', 0);
INSERT INTO `t_emp` VALUES (35, '朱涛', '女', '13551266305', '123465@163.com', 9, '本科', '510902199805129317', 10, '成都', '2018-07-07', 'JAVA1802', '麻将', '无党派', '376119751', '610000', '1998-05-12', '石工', '汉', '02888888888', 0);
INSERT INTO `t_emp` VALUES (36, '大思敏', '女', '13456789987', '51767591@qq.com', 9, '本科', '510902199704047654', 10, '四川成都', '1970-01-01', '嗯嗯嗯嗯嗯', '吃', '团员', '1751956', '610000', '2018-07-12', '市场管理', '汉', '02865432123', 0);
INSERT INTO `t_emp` VALUES (37, '吕杰', '男', '13668765456', '5156789@qq.com', 8, '本科', '510902199409098765', 5, '四川成都', '1970-01-01', '嗯嗯嗯嗯嗯', '游戏', '党员', '57295799', '610000', '1995-07-05', '机械自动化', '汉', '02866666666', 0);
INSERT INTO `t_emp` VALUES (38, '就是', '女', '18328408459', '377344919@qq.com', 7, 'sjhdj', '123456789741235698', 8, '四川成都', '1970-01-01', '啥的技术 ', '加快', 'skdlskd', '56897412', '455445', '2018-07-11', '通信', '藏族', '02888888888', 0);
INSERT INTO `t_emp` VALUES (39, '朱涛', '女', '13551266305', '123465@163.com', 9, '本科', '510902199805129317', 10, '成都', '2018-07-07', 'JAVA1802', '麻将', '无党派', '376119751', '610000', '1998-05-12', '石工', '汉', '02888888888', 0);
INSERT INTO `t_emp` VALUES (40, '大思敏', '女', '13456789987', '51767591@qq.com', 9, '本科', '510902199704047654', 10, '四川成都', '1970-01-01', '嗯嗯嗯嗯嗯', '吃', '团员', '1751956', '610000', '2018-07-12', '市场管理', '汉', '02865432123', 0);
INSERT INTO `t_emp` VALUES (41, '吕杰', '男', '13668765456', '5156789@qq.com', 8, '本科', '510902199409098765', 5, '四川成都', '1970-01-01', '嗯嗯嗯嗯嗯', '游戏', '党员', '57295799', '610000', '1995-07-05', '机械自动化', '汉', '02866666666', 0);
INSERT INTO `t_emp` VALUES (42, '就是', '女', '18328408459', '377344919@qq.com', 7, 'sjhdj', '123456789741235698', 8, '四川成都', '1970-01-01', '啥的技术 ', '加快', 'skdlskd', '56897412', '455445', '2018-07-11', '通信', '藏族', '02888888888', 0);
INSERT INTO `t_emp` VALUES (43, '朱涛', '女', '13551266305', '123465@163.com', 9, '本科', '510902199805129317', 10, '成都', '2018-07-07', 'JAVA1802', '麻将', '无党派', '376119751', '610000', '1998-05-12', '石工', '汉', '02888888888', 0);
INSERT INTO `t_emp` VALUES (44, '大思敏', '女', '13456789987', '51767591@qq.com', 9, '本科', '510902199704047654', 10, '四川成都', '1970-01-01', '嗯嗯嗯嗯嗯', '吃', '团员', '1751956', '610000', '2018-07-12', '市场管理', '汉', '02865432123', 0);
INSERT INTO `t_emp` VALUES (45, '吕杰', '男', '13668765456', '5156789@qq.com', 8, '本科', '510902199409098765', 5, '四川成都', '1970-01-01', '嗯嗯嗯嗯嗯', '游戏', '党员', '57295799', '610000', '1995-07-05', '机械自动化', '汉', '02866666666', 0);
INSERT INTO `t_emp` VALUES (46, '就是', '女', '18328408459', '377344919@qq.com', 7, 'sjhdj', '123456789741235698', 8, '四川成都', '1970-01-01', '啥的技术 ', '加快', 'skdlskd', '56897412', '455445', '2018-07-11', '通信', '藏族', '02888888888', 0);
INSERT INTO `t_emp` VALUES (47, '朱涛', '女', '13551266305', '123465@163.com', 9, '本科', '510902199805129317', 10, '成都', '2018-07-07', 'JAVA1802', '麻将', '无党派', '376119751', '610000', '1998-05-12', '石工', '汉', '02888888888', 0);
INSERT INTO `t_emp` VALUES (48, '大思敏', '女', '13456789987', '51767591@qq.com', 9, '本科', '510902199704047654', 10, '四川成都', '1970-01-01', '嗯嗯嗯嗯嗯', '吃', '团员', '1751956', '610000', '2018-07-12', '市场管理', '汉', '02865432123', 0);
INSERT INTO `t_emp` VALUES (49, '吕杰', '男', '13668765456', '5156789@qq.com', 8, '本科', '510902199409098765', 5, '四川成都', '1970-01-01', '嗯嗯嗯嗯嗯', '游戏', '党员', '57295799', '610000', '1995-07-05', '机械自动化', '汉', '02866666666', 0);
INSERT INTO `t_emp` VALUES (50, '就是', '女', '18328408459', '377344919@qq.com', 7, 'sjhdj', '123456789741235698', 8, '四川成都', '1970-01-01', '啥的技术 ', '加快', 'skdlskd', '56897412', '455445', '2018-07-11', '通信', '藏族', '02888888888', 0);
INSERT INTO `t_emp` VALUES (51, '朱涛', '女', '13551266305', '123465@163.com', 9, '本科', '510902199805129317', 10, '成都', '2018-07-07', 'JAVA1802', '麻将', '无党派', '376119751', '610000', '1998-05-12', '石工', '汉', '02888888888', 0);
INSERT INTO `t_emp` VALUES (52, '大思敏', '女', '13456789987', '51767591@qq.com', 9, '本科', '510902199704047654', 10, '四川成都', '1970-01-01', '嗯嗯嗯嗯嗯', '吃', '团员', '1751956', '610000', '2018-07-12', '市场管理', '汉', '02865432123', 0);
INSERT INTO `t_emp` VALUES (53, '吕杰', '男', '13668765456', '5156789@qq.com', 8, '本科', '510902199409098765', 5, '四川成都', '1970-01-01', '嗯嗯嗯嗯嗯', '游戏', '党员', '57295799', '610000', '1995-07-05', '机械自动化', '汉', '02866666666', 0);
INSERT INTO `t_emp` VALUES (54, '就是', '女', '18328408459', '377344919@qq.com', 7, 'sjhdj', '123456789741235698', 8, '四川成都', '1970-01-01', '啥的技术 ', '加快', 'skdlskd', '56897412', '455445', '2018-07-11', '通信', '藏族', '02888888888', 0);
INSERT INTO `t_emp` VALUES (55, '朱涛', '女', '13551266305', '123465@163.com', 9, '本科', '510902199805129317', 10, '成都', '2018-07-07', 'JAVA1802', '麻将', '无党派', '376119751', '610000', '1998-05-12', '石工', '汉', '02888888888', 0);
INSERT INTO `t_emp` VALUES (56, '大思敏', '女', '13456789987', '51767591@qq.com', 9, '本科', '510902199704047654', 10, '四川成都', '1970-01-01', '嗯嗯嗯嗯嗯', '吃', '团员', '1751956', '610000', '2018-07-12', '市场管理', '汉', '02865432123', 0);
INSERT INTO `t_emp` VALUES (57, '吕杰', '男', '13668765456', '5156789@qq.com', 8, '本科', '510902199409098765', 5, '四川成都', '1970-01-01', '嗯嗯嗯嗯嗯', '游戏', '党员', '57295799', '610000', '1995-07-05', '机械自动化', '汉', '02866666666', 0);
INSERT INTO `t_emp` VALUES (58, '就是', '女', '18328408459', '377344919@qq.com', 7, 'sjhdj', '123456789741235698', 8, '四川成都', '1970-01-01', '啥的技术 ', '加快', 'skdlskd', '56897412', '455445', '2018-07-11', '通信', '藏族', '02888888888', 0);
INSERT INTO `t_emp` VALUES (59, '朱涛', '女', '13551266305', '123465@163.com', 9, '本科', '510902199805129317', 10, '成都', '2018-07-07', 'JAVA1802', '麻将', '无党派', '376119751', '610000', '1998-05-12', '石工', '汉', '02888888888', 0);
INSERT INTO `t_emp` VALUES (60, '大思敏', '女', '13456789987', '51767591@qq.com', 9, '本科', '510902199704047654', 10, '四川成都', '1970-01-01', '嗯嗯嗯嗯嗯', '吃', '团员', '1751956', '610000', '2018-07-12', '市场管理', '汉', '02865432123', 0);
INSERT INTO `t_emp` VALUES (61, '吕杰', '男', '13668765456', '5156789@qq.com', 8, '本科', '510902199409098765', 5, '四川成都', '1970-01-01', '嗯嗯嗯嗯嗯', '游戏', '党员', '57295799', '610000', '1995-07-05', '机械自动化', '汉', '02866666666', 0);
INSERT INTO `t_emp` VALUES (62, '就是', '女', '18328408459', '377344919@qq.com', 7, 'sjhdj', '123456789741235698', 8, '四川成都', '1970-01-01', '啥的技术 ', '加快', 'skdlskd', '56897412', '455445', '2018-07-11', '通信', '藏族', '02888888888', 0);
INSERT INTO `t_emp` VALUES (63, '朱涛', '女', '13551266305', '123465@163.com', 9, '本科', '510902199805129317', 10, '成都', '2018-07-07', 'JAVA1802', '麻将', '无党派', '376119751', '610000', '1998-05-12', '石工', '汉', '02888888888', 0);
INSERT INTO `t_emp` VALUES (64, '大思敏', '女', '13456789987', '51767591@qq.com', 9, '本科', '510902199704047654', 10, '四川成都', '1970-01-01', '嗯嗯嗯嗯嗯', '吃', '团员', '1751956', '610000', '2018-07-12', '市场管理', '汉', '02865432123', 0);
INSERT INTO `t_emp` VALUES (65, '吕杰', '男', '13668765456', '5156789@qq.com', 8, '本科', '510902199409098765', 5, '四川成都', '1970-01-01', '嗯嗯嗯嗯嗯', '游戏', '党员', '57295799', '610000', '1995-07-05', '机械自动化', '汉', '02866666666', 0);
INSERT INTO `t_emp` VALUES (66, '就是', '女', '18328408459', '377344919@qq.com', 7, 'sjhdj', '123456789741235698', 8, '四川成都', '1970-01-01', '啥的技术 ', '加快', 'skdlskd', '56897412', '455445', '2018-07-11', '通信', '藏族', '02888888888', 0);
INSERT INTO `t_emp` VALUES (67, '朱涛', '女', '13551266305', '123465@163.com', 9, '本科', '510902199805129317', 10, '成都', '2018-07-07', 'JAVA1802', '麻将', '无党派', '376119751', '610000', '1998-05-12', '石工', '汉', '02888888888', 0);
INSERT INTO `t_emp` VALUES (68, '大思敏', '女', '13456789987', '51767591@qq.com', 9, '本科', '510902199704047654', 10, '四川成都', '1970-01-01', '嗯嗯嗯嗯嗯', '吃', '团员', '1751956', '610000', '2018-07-12', '市场管理', '汉', '02865432123', 0);
INSERT INTO `t_emp` VALUES (69, '吕杰', '男', '13668765456', '5156789@qq.com', 8, '本科', '510902199409098765', 5, '四川成都', '1970-01-01', '嗯嗯嗯嗯嗯', '游戏', '党员', '57295799', '610000', '1995-07-05', '机械自动化', '汉', '02866666666', 0);
INSERT INTO `t_emp` VALUES (70, '就是', '女', '18328408459', '377344919@qq.com', 7, 'sjhdj', '123456789741235698', 8, '四川成都', '1970-01-01', '啥的技术 ', '加快', 'skdlskd', '56897412', '455445', '2018-07-11', '通信', '藏族', '02888888888', 0);
INSERT INTO `t_emp` VALUES (71, '朱涛', '女', '13551266305', '123465@163.com', 9, '本科', '510902199805129317', 10, '成都', '2018-07-07', 'JAVA1802', '麻将', '无党派', '376119751', '610000', '1998-05-12', '石工', '汉', '02888888888', 0);
INSERT INTO `t_emp` VALUES (72, '大思敏', '女', '13456789987', '51767591@qq.com', 9, '本科', '510902199704047654', 10, '四川成都', '1970-01-01', '嗯嗯嗯嗯嗯', '吃', '团员', '1751956', '610000', '2018-07-12', '市场管理', '汉', '02865432123', 0);
INSERT INTO `t_emp` VALUES (73, '吕杰', '男', '13668765456', '5156789@qq.com', 8, '本科', '510902199409098765', 5, '四川成都', '1970-01-01', '嗯嗯嗯嗯嗯', '游戏', '党员', '57295799', '610000', '1995-07-05', '机械自动化', '汉', '02866666666', 0);
INSERT INTO `t_emp` VALUES (74, '就是', '女', '18328408459', '377344919@qq.com', 7, 'sjhdj', '123456789741235698', 8, '四川成都', '1970-01-01', '啥的技术 ', '加快', 'skdlskd', '56897412', '455445', '2018-07-11', '通信', '藏族', '02888888888', 0);
INSERT INTO `t_emp` VALUES (75, '朱涛', '女', '13551266305', '123465@163.com', 9, '本科', '510902199805129317', 10, '成都', '2018-07-07', 'JAVA1802', '麻将', '无党派', '376119751', '610000', '1998-05-12', '石工', '汉', '02888888888', 0);
INSERT INTO `t_emp` VALUES (76, '大思敏', '女', '13456789987', '51767591@qq.com', 9, '本科', '510902199704047654', 10, '四川成都', '1970-01-01', '嗯嗯嗯嗯嗯', '吃', '团员', '1751956', '610000', '2018-07-12', '市场管理', '汉', '02865432123', 0);
INSERT INTO `t_emp` VALUES (77, '吕杰', '男', '13668765456', '5156789@qq.com', 8, '本科', '510902199409098765', 5, '四川成都', '1970-01-01', '嗯嗯嗯嗯嗯', '游戏', '党员', '57295799', '610000', '1995-07-05', '机械自动化', '汉', '02866666666', 0);
INSERT INTO `t_emp` VALUES (78, '就是', '女', '18328408459', '377344919@qq.com', 7, 'sjhdj', '123456789741235698', 8, '四川成都', '1970-01-01', '啥的技术 ', '加快', 'skdlskd', '56897412', '455445', '2018-07-11', '通信', '藏族', '02888888888', 0);
INSERT INTO `t_emp` VALUES (79, '朱涛', '女', '13551266305', '123465@163.com', 9, '本科', '510902199805129317', 10, '成都', '2018-07-07', 'JAVA1802', '麻将', '无党派', '376119751', '610000', '1998-05-12', '石工', '汉', '02888888888', 0);
INSERT INTO `t_emp` VALUES (80, '大思敏', '女', '13456789987', '51767591@qq.com', 9, '本科', '510902199704047654', 10, '四川成都', '1970-01-01', '嗯嗯嗯嗯嗯', '吃', '团员', '1751956', '610000', '2018-07-12', '市场管理', '汉', '02865432123', 0);
INSERT INTO `t_emp` VALUES (81, '吕杰', '男', '13668765456', '5156789@qq.com', 8, '本科', '510902199409098765', 5, '四川成都', '1970-01-01', '嗯嗯嗯嗯嗯', '游戏', '党员', '57295799', '610000', '1995-07-05', '机械自动化', '汉', '02866666666', 0);
INSERT INTO `t_emp` VALUES (82, '就是', '女', '18328408459', '377344919@qq.com', 7, 'sjhdj', '123456789741235698', 8, '四川成都', '1970-01-01', '啥的技术 ', '加快', 'skdlskd', '56897412', '455445', '2018-07-11', '通信', '藏族', '02888888888', 0);
INSERT INTO `t_emp` VALUES (83, '朱涛', '女', '13551266305', '123465@163.com', 9, '本科', '510902199805129317', 10, '成都', '2018-07-07', 'JAVA1802', '麻将', '无党派', '376119751', '610000', '1998-05-12', '石工', '汉', '02888888888', 0);
INSERT INTO `t_emp` VALUES (84, '大思敏', '女', '13456789987', '51767591@qq.com', 9, '本科', '510902199704047654', 10, '四川成都', '1970-01-01', '嗯嗯嗯嗯嗯', '吃', '团员', '1751956', '610000', '2018-07-12', '市场管理', '汉', '02865432123', 0);
INSERT INTO `t_emp` VALUES (85, '吕杰', '男', '13668765456', '5156789@qq.com', 8, '本科', '510902199409098765', 5, '四川成都', '1970-01-01', '嗯嗯嗯嗯嗯', '游戏', '党员', '57295799', '610000', '1995-07-05', '机械自动化', '汉', '02866666666', 0);
INSERT INTO `t_emp` VALUES (86, '就是', '女', '18328408459', '377344919@qq.com', 7, 'sjhdj', '123456789741235698', 8, '四川成都', '1970-01-01', '啥的技术 ', '加快', 'skdlskd', '56897412', '455445', '2018-07-11', '通信', '藏族', '02888888888', 0);
INSERT INTO `t_emp` VALUES (87, '朱涛', '女', '13551266305', '123465@163.com', 9, '本科', '510902199805129317', 10, '成都', '2018-07-07', 'JAVA1802', '麻将', '无党派', '376119751', '610000', '1998-05-12', '石工', '汉', '02888888888', 0);
INSERT INTO `t_emp` VALUES (88, '大思敏', '女', '13456789987', '51767591@qq.com', 9, '本科', '510902199704047654', 10, '四川成都', '1970-01-01', '嗯嗯嗯嗯嗯', '吃', '团员', '1751956', '610000', '2018-07-12', '市场管理', '汉', '02865432123', 0);
INSERT INTO `t_emp` VALUES (89, '吕杰', '男', '13668765456', '5156789@qq.com', 8, '本科', '510902199409098765', 5, '四川成都', '1970-01-01', '嗯嗯嗯嗯嗯', '游戏', '党员', '57295799', '610000', '1995-07-05', '机械自动化', '汉', '02866666666', 0);
INSERT INTO `t_emp` VALUES (90, '就是', '女', '18328408459', '377344919@qq.com', 7, 'sjhdj', '123456789741235698', 8, '四川成都', '1970-01-01', '啥的技术 ', '加快', 'skdlskd', '56897412', '455445', '2018-07-11', '通信', '藏族', '02888888888', 0);
INSERT INTO `t_emp` VALUES (91, '朱涛', '女', '13551266305', '123465@163.com', 9, '本科', '510902199805129317', 10, '成都', '2018-07-07', 'JAVA1802', '麻将', '无党派', '376119751', '610000', '1998-05-12', '石工', '汉', '02888888888', 0);
INSERT INTO `t_emp` VALUES (92, '大思敏', '女', '13456789987', '51767591@qq.com', 9, '本科', '510902199704047654', 10, '四川成都', '1970-01-01', '嗯嗯嗯嗯嗯', '吃', '团员', '1751956', '610000', '2018-07-12', '市场管理', '汉', '02865432123', 0);
INSERT INTO `t_emp` VALUES (93, '吕杰', '男', '13668765456', '5156789@qq.com', 8, '本科', '510902199409098765', 5, '四川成都', '1970-01-01', '嗯嗯嗯嗯嗯', '游戏', '党员', '57295799', '610000', '1995-07-05', '机械自动化', '汉', '02866666666', 0);
INSERT INTO `t_emp` VALUES (94, '就是', '女', '18328408459', '377344919@qq.com', 7, 'sjhdj', '123456789741235698', 8, '四川成都', '1970-01-01', '啥的技术 ', '加快', 'skdlskd', '56897412', '455445', '2018-07-11', '通信', '藏族', '02888888888', 0);
INSERT INTO `t_emp` VALUES (95, '朱涛', '女', '13551266305', '123465@163.com', 9, '本科', '510902199805129317', 10, '成都', '2018-07-07', 'JAVA1802', '麻将', '无党派', '376119751', '610000', '1998-05-12', '石工', '汉', '02888888888', 0);
INSERT INTO `t_emp` VALUES (96, '大思敏', '女', '13456789987', '51767591@qq.com', 9, '本科', '510902199704047654', 10, '四川成都', '1970-01-01', '嗯嗯嗯嗯嗯', '吃', '团员', '1751956', '610000', '2018-07-12', '市场管理', '汉', '02865432123', 0);
INSERT INTO `t_emp` VALUES (97, '吕杰', '男', '13668765456', '5156789@qq.com', 8, '本科', '510902199409098765', 5, '四川成都', '1970-01-01', '嗯嗯嗯嗯嗯', '游戏', '党员', '57295799', '610000', '1995-07-05', '机械自动化', '汉', '02866666666', 0);
INSERT INTO `t_emp` VALUES (98, '就是', '女', '18328408459', '377344919@qq.com', 7, 'sjhdj', '123456789741235698', 8, '四川成都', '1970-01-01', '啥的技术 ', '加快', 'skdlskd', '56897412', '455445', '2018-07-11', '通信', '藏族', '02888888888', 0);
INSERT INTO `t_emp` VALUES (99, '朱涛', '女', '13551266305', '123465@163.com', 9, '本科', '510902199805129317', 10, '成都', '2018-07-07', 'JAVA1802', '麻将', '无党派', '376119751', '610000', '1998-05-12', '石工', '汉', '02888888888', 0);
INSERT INTO `t_emp` VALUES (100, '大思敏', '女', '13456789987', '51767591@qq.com', 9, '本科', '510902199704047654', 10, '四川成都', '1970-01-01', '嗯嗯嗯嗯嗯', '吃', '团员', '1751956', '610000', '2018-07-12', '市场管理', '汉', '02865432123', 0);
INSERT INTO `t_emp` VALUES (101, '吕杰', '男', '13668765456', '5156789@qq.com', 8, '本科', '510902199409098765', 5, '四川成都', '1970-01-01', '嗯嗯嗯嗯嗯', '游戏', '党员', '57295799', '610000', '1995-07-05', '机械自动化', '汉', '02866666666', 0);
INSERT INTO `t_emp` VALUES (102, '就是', '女', '18328408459', '377344919@qq.com', 7, 'sjhdj', '123456789741235698', 8, '四川成都', '1970-01-01', '啥的技术 ', '加快', 'skdlskd', '56897412', '455445', '2018-07-11', '通信', '藏族', '02888888888', 0);
INSERT INTO `t_emp` VALUES (103, '朱涛', '女', '13551266305', '123465@163.com', 9, '本科', '510902199805129317', 10, '成都', '2018-07-07', 'JAVA1802', '麻将', '无党派', '376119751', '610000', '1998-05-12', '石工', '汉', '02888888888', 0);
INSERT INTO `t_emp` VALUES (104, '大思敏', '女', '13456789987', '51767591@qq.com', 9, '本科', '510902199704047654', 10, '四川成都', '1970-01-01', '嗯嗯嗯嗯嗯', '吃', '团员', '1751956', '610000', '2018-07-12', '市场管理', '汉', '02865432123', 0);
INSERT INTO `t_emp` VALUES (105, '吕杰', '男', '13668765456', '5156789@qq.com', 8, '本科', '510902199409098765', 5, '四川成都', '1970-01-01', '嗯嗯嗯嗯嗯', '游戏', '党员', '57295799', '610000', '1995-07-05', '机械自动化', '汉', '02866666666', 0);
INSERT INTO `t_emp` VALUES (106, '就是', '女', '18328408459', '377344919@qq.com', 7, 'sjhdj', '123456789741235698', 8, '四川成都', '1970-01-01', '啥的技术 ', '加快', 'skdlskd', '56897412', '455445', '2018-07-11', '通信', '藏族', '02888888888', 0);
INSERT INTO `t_emp` VALUES (107, '朱涛', '女', '13551266305', '123465@163.com', 9, '本科', '510902199805129317', 10, '成都', '2018-07-07', 'JAVA1802', '麻将', '无党派', '376119751', '610000', '1998-05-12', '石工', '汉', '02888888888', 0);
INSERT INTO `t_emp` VALUES (108, '大思敏', '女', '13456789987', '51767591@qq.com', 9, '本科', '510902199704047654', 10, '四川成都', '1970-01-01', '嗯嗯嗯嗯嗯', '吃', '团员', '1751956', '610000', '2018-07-12', '市场管理', '汉', '02865432123', 0);
INSERT INTO `t_emp` VALUES (109, '吕杰', '男', '13668765456', '5156789@qq.com', 8, '本科', '510902199409098765', 5, '四川成都', '1970-01-01', '嗯嗯嗯嗯嗯', '游戏', '党员', '57295799', '610000', '1995-07-05', '机械自动化', '汉', '02866666666', 0);
INSERT INTO `t_emp` VALUES (110, '就是', '女', '18328408459', '377344919@qq.com', 7, 'sjhdj', '123456789741235698', 8, '四川成都', '1970-01-01', '啥的技术 ', '加快', 'skdlskd', '56897412', '455445', '2018-07-11', '通信', '藏族', '02888888888', 0);
INSERT INTO `t_emp` VALUES (111, '朱涛', '女', '13551266305', '123465@163.com', 9, '本科', '510902199805129317', 10, '成都', '2018-07-07', 'JAVA1802', '麻将', '无党派', '376119751', '610000', '1998-05-12', '石工', '汉', '02888888888', 0);
INSERT INTO `t_emp` VALUES (112, '大思敏', '女', '13456789987', '51767591@qq.com', 9, '本科', '510902199704047654', 10, '四川成都', '1970-01-01', '嗯嗯嗯嗯嗯', '吃', '团员', '1751956', '610000', '2018-07-12', '市场管理', '汉', '02865432123', 0);
INSERT INTO `t_emp` VALUES (113, '吕杰', '男', '13668765456', '5156789@qq.com', 8, '本科', '510902199409098765', 5, '四川成都', '1970-01-01', '嗯嗯嗯嗯嗯', '游戏', '党员', '57295799', '610000', '1995-07-05', '机械自动化', '汉', '02866666666', 0);
INSERT INTO `t_emp` VALUES (114, '就是', '女', '18328408459', '377344919@qq.com', 7, 'sjhdj', '123456789741235698', 8, '四川成都', '1970-01-01', '啥的技术 ', '加快', 'skdlskd', '56897412', '455445', '2018-07-11', '通信', '藏族', '02888888888', 0);

-- ----------------------------
-- Table structure for t_notice
-- ----------------------------
DROP TABLE IF EXISTS `t_notice`;
CREATE TABLE `t_notice`  (
  `noticeId` int NOT NULL AUTO_INCREMENT,
  `noticeContent` varchar(100) CHARACTER SET utf8 COLLATE utf8_general_ci NULL DEFAULT NULL,
  `userId` int NULL DEFAULT NULL,
  `noticeTime` date NULL DEFAULT NULL,
  `noticeTitle` varchar(50) CHARACTER SET utf8 COLLATE utf8_general_ci NULL DEFAULT NULL,
  `noticeUser` varchar(10) CHARACTER SET utf8 COLLATE utf8_general_ci NULL DEFAULT NULL,
  `delState` int NULL DEFAULT NULL,
  PRIMARY KEY (`noticeId`) USING BTREE,
  INDEX `notice_user_fk`(`userId`) USING BTREE,
  CONSTRAINT `notice_user_fk` FOREIGN KEY (`userId`) REFERENCES `t_user` (`userId`) ON DELETE RESTRICT ON UPDATE RESTRICT
) ENGINE = InnoDB AUTO_INCREMENT = 100 CHARACTER SET = utf8 COLLATE = utf8_general_ci ROW_FORMAT = Dynamic;

-- ----------------------------
-- Records of t_notice
-- ----------------------------
INSERT INTO `t_notice` VALUES (10, '年轻人，你的思想很危险啊', 1, '2018-07-11', '今天下雨不上课', '朱涛', 0);
INSERT INTO `t_notice` VALUES (11, '最近天气炎热，放假至10月1日', 2, '2018-07-14', '高温放假通知', '朱涛', 1);
INSERT INTO `t_notice` VALUES (12, '圣诞节看到回复111', 3, '2018-07-17', '打开了房间111', '杨小林', 0);
INSERT INTO `t_notice` VALUES (13, '年轻人，你的思想很危险啊', 1, '2018-07-11', '今天下雨不上课', '朱涛', 0);
INSERT INTO `t_notice` VALUES (14, '最近天气炎热，放假至10月1日', 2, '2018-07-14', '高温放假通知', '朱涛', 0);
INSERT INTO `t_notice` VALUES (15, '圣诞节看到回复111', 3, '2018-07-17', '打开了房间111', '杨小林', 0);
INSERT INTO `t_notice` VALUES (16, '年轻人，你的思想很危险啊', 1, '2018-07-11', '今天下雨不上课', '朱涛', 0);
INSERT INTO `t_notice` VALUES (17, '最近天气炎热，放假至10月1日', 2, '2018-07-14', '高温放假通知', '朱涛', 0);
INSERT INTO `t_notice` VALUES (18, '圣诞节看到回复111', 3, '2018-07-17', '打开了房间111', '杨小林', 0);
INSERT INTO `t_notice` VALUES (19, '年轻人，你的思想很危险啊', 1, '2018-07-11', '今天下雨不上课', '朱涛', 0);
INSERT INTO `t_notice` VALUES (20, '最近天气炎热，放假至10月1日', 2, '2018-07-14', '高温放假通知', '朱涛', 0);
INSERT INTO `t_notice` VALUES (21, '圣诞节看到回复111', 3, '2018-07-17', '打开了房间111', '杨小林', 0);
INSERT INTO `t_notice` VALUES (22, '年轻人，你的思想很危险啊', 1, '2018-07-11', '今天下雨不上课', '朱涛', 0);
INSERT INTO `t_notice` VALUES (23, '最近天气炎热，放假至10月1日', 2, '2018-07-14', '高温放假通知', '朱涛', 0);
INSERT INTO `t_notice` VALUES (24, '圣诞节看到回复111', 3, '2018-07-17', '打开了房间111', '杨小林', 0);
INSERT INTO `t_notice` VALUES (25, '年轻人，你的思想很危险啊', 1, '2018-07-11', '今天下雨不上课', '朱涛', 0);
INSERT INTO `t_notice` VALUES (26, '最近天气炎热，放假至10月1日', 2, '2018-07-14', '高温放假通知', '朱涛', 0);
INSERT INTO `t_notice` VALUES (27, '圣诞节看到回复111', 3, '2018-07-17', '打开了房间111', '杨小林', 0);
INSERT INTO `t_notice` VALUES (28, '年轻人，你的思想很危险啊', 1, '2018-07-11', '今天下雨不上课', '朱涛', 0);
INSERT INTO `t_notice` VALUES (29, '最近天气炎热，放假至10月1日', 2, '2018-07-14', '高温放假通知', '朱涛', 0);
INSERT INTO `t_notice` VALUES (30, '圣诞节看到回复111', 3, '2018-07-17', '打开了房间111', '杨小林', 0);
INSERT INTO `t_notice` VALUES (31, '年轻人，你的思想很危险啊', 1, '2018-07-11', '今天下雨不上课', '朱涛', 0);
INSERT INTO `t_notice` VALUES (32, '最近天气炎热，放假至10月1日', 2, '2018-07-14', '高温放假通知', '朱涛', 0);
INSERT INTO `t_notice` VALUES (33, '圣诞节看到回复111', 3, '2018-07-17', '打开了房间111', '杨小林', 0);
INSERT INTO `t_notice` VALUES (34, '年轻人，你的思想很危险啊', 1, '2018-07-11', '今天下雨不上课', '朱涛', 0);
INSERT INTO `t_notice` VALUES (35, '最近天气炎热，放假至10月1日', 2, '2018-07-14', '高温放假通知', '朱涛', 0);
INSERT INTO `t_notice` VALUES (36, '圣诞节看到回复1112222', 3, '2018-07-17', '打开了房间111222', '杨小林', 0);
INSERT INTO `t_notice` VALUES (37, '年轻人，你的思想很危险啊', 1, '2018-07-11', '今天下雨不上课', '朱涛', 0);
INSERT INTO `t_notice` VALUES (38, '最近天气炎热，放假至10月1日', 2, '2018-07-14', '高温放假通知', '朱涛', 1);
INSERT INTO `t_notice` VALUES (39, '圣诞节看到回复111', 3, '2018-07-17', '打开了房间111', '杨小林', 0);
INSERT INTO `t_notice` VALUES (40, '年轻人，你的思想很危险啊', 1, '2018-07-11', '今天下雨不上课', '朱涛', 0);
INSERT INTO `t_notice` VALUES (41, '最近天气炎热，放假至10月1日', 2, '2018-07-14', '高温放假通知', '朱涛', 0);
INSERT INTO `t_notice` VALUES (42, '圣诞节看到回复111', 3, '2018-07-17', '打开了房间111', '杨小林', 0);
INSERT INTO `t_notice` VALUES (43, '年轻人，你的思想很危险啊', 1, '2018-07-11', '今天下雨不上课', '朱涛', 0);
INSERT INTO `t_notice` VALUES (44, '最近天气炎热，放假至10月1日', 2, '2018-07-14', '高温放假通知', '朱涛', 0);
INSERT INTO `t_notice` VALUES (45, '圣诞节看到回复111', 3, '2018-07-17', '打开了房间111', '杨小林', 0);
INSERT INTO `t_notice` VALUES (46, '年轻人，你的思想很危险啊', 1, '2018-07-11', '今天下雨不上课', '朱涛', 0);
INSERT INTO `t_notice` VALUES (47, '最近天气炎热，放假至10月1日', 2, '2018-07-14', '高温放假通知', '朱涛', 0);
INSERT INTO `t_notice` VALUES (48, '圣诞节看到回复111', 3, '2018-07-17', '打开了房间111', '杨小林', 0);
INSERT INTO `t_notice` VALUES (49, '年轻人，你的思想很危险啊', 1, '2018-07-11', '今天下雨不上课', '朱涛', 0);
INSERT INTO `t_notice` VALUES (50, '最近天气炎热，放假至10月1日', 2, '2018-07-14', '高温放假通知', '朱涛', 0);
INSERT INTO `t_notice` VALUES (51, '圣诞节看到回复111', 3, '2018-07-17', '打开了房间111', '杨小林', 0);
INSERT INTO `t_notice` VALUES (52, '年轻人，你的思想很危险啊', 1, '2018-07-11', '今天下雨不上课', '朱涛', 0);
INSERT INTO `t_notice` VALUES (53, '最近天气炎热，放假至10月1日', 2, '2018-07-14', '高温放假通知', '朱涛', 0);
INSERT INTO `t_notice` VALUES (54, '圣诞节看到回复111', 3, '2018-07-17', '打开了房间111', '杨小林', 0);
INSERT INTO `t_notice` VALUES (55, '年轻人，你的思想很危险啊', 1, '2018-07-11', '今天下雨不上课', '朱涛', 0);
INSERT INTO `t_notice` VALUES (56, '最近天气炎热，放假至10月1日', 2, '2018-07-14', '高温放假通知', '朱涛', 0);
INSERT INTO `t_notice` VALUES (57, '圣诞节看到回复111', 3, '2018-07-17', '打开了房间111', '杨小林', 0);
INSERT INTO `t_notice` VALUES (58, '年轻人，你的思想很危险啊', 1, '2018-07-11', '今天下雨不上课', '朱涛', 0);
INSERT INTO `t_notice` VALUES (59, '最近天气炎热，放假至10月1日', 2, '2018-07-14', '高温放假通知', '朱涛', 0);
INSERT INTO `t_notice` VALUES (60, '圣诞节看到回复111', 3, '2018-07-17', '打开了房间111', '杨小林', 1);
INSERT INTO `t_notice` VALUES (61, '年轻人，你的思想很危险啊', 1, '2018-07-11', '今天下雨不上课', '朱涛', 0);
INSERT INTO `t_notice` VALUES (62, '最近天气炎热，放假至10月1日', 2, '2018-07-14', '高温放假通知', '朱涛', 0);
INSERT INTO `t_notice` VALUES (63, '圣诞节看到回复111', 3, '2018-07-17', '打开了房间111', '杨小林', 0);
INSERT INTO `t_notice` VALUES (64, '年轻人，你的思想很危险啊', 1, '2018-07-11', '今天下雨不上课', '朱涛', 0);
INSERT INTO `t_notice` VALUES (65, '最近天气炎热，放假至10月1日', 2, '2018-07-14', '高温放假通知', '朱涛', 0);
INSERT INTO `t_notice` VALUES (66, '圣诞节看到回复111', 3, '2018-07-17', '打开了房间111', '杨小林', 0);
INSERT INTO `t_notice` VALUES (67, '年轻人，你的思想很危险啊', 1, '2018-07-11', '今天下雨不上课', '朱涛', 0);
INSERT INTO `t_notice` VALUES (68, '最近天气炎热，放假至10月1日', 2, '2018-07-14', '高温放假通知', '朱涛', 0);
INSERT INTO `t_notice` VALUES (69, '圣诞节看到回复111', 3, '2018-07-17', '打开了房间111', '杨小林', 0);
INSERT INTO `t_notice` VALUES (70, '年轻人，你的思想很危险啊', 1, '2018-07-11', '今天下雨不上课21111', '朱涛', 0);
INSERT INTO `t_notice` VALUES (71, '最近天气炎热，放假至10月1日', 2, '2018-07-14', '高温放假通知', '朱涛', 0);
INSERT INTO `t_notice` VALUES (72, '圣诞节看到回复111', 3, '2018-07-17', '打开了房间111', '杨小林', 0);
INSERT INTO `t_notice` VALUES (73, '年轻人，你的思想很危险啊', 1, '2018-07-11', '今天下雨不上课', '朱涛', 0);
INSERT INTO `t_notice` VALUES (74, '最近天气炎热，放假至10月1日', 2, '2018-07-14', '高温放假通知', '朱涛', 0);
INSERT INTO `t_notice` VALUES (75, '圣诞节看到回复111', 3, '2018-07-17', '打开了房间111', '杨小林', 0);
INSERT INTO `t_notice` VALUES (76, '年轻人，你的思想很危险啊', 1, '2018-07-11', '今天下雨不上课', '朱涛', 0);
INSERT INTO `t_notice` VALUES (77, '最近天气炎热，放假至10月1日', 2, '2018-07-14', '高温放假通知', '朱涛', 0);
INSERT INTO `t_notice` VALUES (78, '圣诞节看到回复111', 3, '2018-07-17', '打开了房间111', '杨小林', 0);
INSERT INTO `t_notice` VALUES (79, '年轻人，你的思想很危险啊', 1, '2018-07-11', '今天下雨不上课', '朱涛', 0);
INSERT INTO `t_notice` VALUES (80, '最近天气炎热，放假至10月1日', 2, '2018-07-14', '高温放假通知', '朱涛', 0);
INSERT INTO `t_notice` VALUES (81, '圣诞节看到回复111', 3, '2018-07-17', '打开了房间111', '杨小林', 0);
INSERT INTO `t_notice` VALUES (82, '年轻人，你的思想很危险啊', 1, '2018-07-11', '今天下雨不上课', '朱涛', 0);
INSERT INTO `t_notice` VALUES (83, '最近天气炎热，放假至10月1日', 2, '2018-07-14', '高温放假通知', '朱涛', 0);
INSERT INTO `t_notice` VALUES (84, '圣诞节看到回复111', 3, '2018-07-17', '打开了房间111', '杨小林', 0);
INSERT INTO `t_notice` VALUES (85, '年轻人，你的思想很危险啊', 1, '2018-07-11', '今天下雨不上课', '朱涛', 0);
INSERT INTO `t_notice` VALUES (86, '最近天气炎热，放假至10月1日', 2, '2018-07-14', '高温放假通知', '朱涛', 0);
INSERT INTO `t_notice` VALUES (87, '圣诞节看到回复111', 3, '2018-07-17', '打开了房间111', '杨小林', 0);
INSERT INTO `t_notice` VALUES (88, '年轻人，你的思想很危险啊', 1, '2018-07-11', '今天下雨不上课', '朱涛', 0);
INSERT INTO `t_notice` VALUES (89, '最近天气炎热，放假至10月1日', 2, '2018-07-14', '高温放假通知', '朱涛', 0);
INSERT INTO `t_notice` VALUES (90, '圣诞节看到回复111', 3, '2018-07-17', '打开了房间111', '杨小林', 0);
INSERT INTO `t_notice` VALUES (91, '年轻人，你的思想很危险啊', 1, '2018-07-11', '今天下雨不上课', '朱涛', 0);
INSERT INTO `t_notice` VALUES (92, '最近天气炎热，放假至10月1日', 2, '2018-07-14', '高温放假通知', '朱涛', 0);
INSERT INTO `t_notice` VALUES (93, '圣诞节看到回复111', 3, '2018-07-17', '打开了房间111', '杨小林', 0);
INSERT INTO `t_notice` VALUES (94, '年轻人，你的思想很危险啊', 1, '2018-07-11', '今天下雨不上课', '朱涛', 0);
INSERT INTO `t_notice` VALUES (95, '最近天气炎热，放假至10月1日', 2, '2018-07-14', '高温放假通知', '朱涛', 0);
INSERT INTO `t_notice` VALUES (96, '圣诞节看到回复111', 3, '2018-07-17', '打开了房间111', '杨小林', 0);
INSERT INTO `t_notice` VALUES (97, '今天天气不错', 1, '2020-07-31', '日志', '张昊', 0);
INSERT INTO `t_notice` VALUES (98, '南京大学仙林校区', 1, '2020-07-31', '大学', '张昊', 0);
INSERT INTO `t_notice` VALUES (99, '阿萨飒飒飒飒', 1, '2020-07-31', '日志', '张昊', 0);
INSERT INTO `t_notice` VALUES (100, '北京大学', 1, '2020-07-31', '大学', '张昊', 0);

-- ----------------------------
-- Table structure for t_staff
-- ----------------------------
DROP TABLE IF EXISTS `t_staff`;
CREATE TABLE `t_staff`  (
  `staffId` int NOT NULL AUTO_INCREMENT,
  `staffName` varchar(10) CHARACTER SET utf8 COLLATE utf8_general_ci NULL DEFAULT NULL,
  `staffDes` varchar(100) CHARACTER SET utf8 COLLATE utf8_general_ci NULL DEFAULT NULL,
  `delState` int NULL DEFAULT NULL,
  PRIMARY KEY (`staffId`) USING BTREE
) ENGINE = InnoDB AUTO_INCREMENT = 14 CHARACTER SET = utf8 COLLATE = utf8_general_ci ROW_FORMAT = Dynamic;

-- ----------------------------
-- Records of t_staff
-- ----------------------------
INSERT INTO `t_staff` VALUES (7, '前台', '不可描述', 0);
INSERT INTO `t_staff` VALUES (8, '项目经理', '懂点技术', 0);
INSERT INTO `t_staff` VALUES (9, '食堂阿姨', '煮饭大妈', 0);
INSERT INTO `t_staff` VALUES (10, 'admin', 'kshdkjhd', 0);
INSERT INTO `t_staff` VALUES (11, 'das', 'dsasafa', 0);
INSERT INTO `t_staff` VALUES (12, '保安', '保安', 0);
INSERT INTO `t_staff` VALUES (13, '门卫', '门卫', 0);

-- ----------------------------
-- Table structure for t_user
-- ----------------------------
DROP TABLE IF EXISTS `t_user`;
CREATE TABLE `t_user`  (
  `userId` int NOT NULL AUTO_INCREMENT,
  `userLoginName` varchar(10) CHARACTER SET utf8 COLLATE utf8_general_ci NULL DEFAULT NULL,
  `userPwd` varchar(10) CHARACTER SET utf8 COLLATE utf8_general_ci NULL DEFAULT NULL,
  `userName` varchar(15) CHARACTER SET utf8 COLLATE utf8_general_ci NULL DEFAULT NULL,
  `state` int NULL DEFAULT NULL COMMENT 'state 1启用 0冻结',
  `createTime` date NULL DEFAULT NULL,
  `delState` int NULL DEFAULT NULL COMMENT 'delState 删除状态1 删除 0未删除',
  PRIMARY KEY (`userId`) USING BTREE
) ENGINE = InnoDB AUTO_INCREMENT = 114 CHARACTER SET = utf8 COLLATE = utf8_general_ci ROW_FORMAT = Dynamic;

-- ----------------------------
-- Records of t_user
-- ----------------------------
INSERT INTO `t_user` VALUES (1, '张昊', '1234', '张昊', 1, '2018-07-09', 0);
INSERT INTO `t_user` VALUES (2, 'sunyan', '123456', '孙岩', 1, '2018-07-14', 0);
INSERT INTO `t_user` VALUES (3, 'xuzhiwei', '1234', '徐致为', 1, '2018-09-05', 0);
INSERT INTO `t_user` VALUES (4, 'zhanghao', '1234', '吕杰', 1, '2018-09-06', 1);
INSERT INTO `t_user` VALUES (8, 'zhangsan', '324234', '张三', 1, '2018-09-04', 0);
INSERT INTO `t_user` VALUES (9, 'lisi', '1234567', '小张', 0, '2018-09-26', 0);
INSERT INTO `t_user` VALUES (10, 'lisi1', '12345671', '小张1', 1, '2018-09-26', 1);
INSERT INTO `t_user` VALUES (11, 'lisi2', '12345672', '小张2', 1, '2018-09-26', 1);
INSERT INTO `t_user` VALUES (12, 'lisi3', '12345673', '小张3', 0, '2018-09-26', 0);
INSERT INTO `t_user` VALUES (13, 'lisi4', '12345674', '小张4', 0, '2018-09-26', 0);
INSERT INTO `t_user` VALUES (14, 'lisi5', '12345675', '小张5', 1, '2018-09-26', 0);
INSERT INTO `t_user` VALUES (15, 'lisi6', '12345676', '小张6', 0, '2018-09-26', 0);
INSERT INTO `t_user` VALUES (16, 'lisi7', '12345677', '小张7', 1, '2018-09-26', 0);
INSERT INTO `t_user` VALUES (114, 'sunyan', '12345', '孙岩', 1, '2020-07-30', 0);

SET FOREIGN_KEY_CHECKS = 1;
